type,severity,w0,w1,w2,w3
clean,none,0.96157056,0.000639467,0.012467428,0.025322545
salt_pepper,low,0.0606982,0.89034784,0.04533779,0.0036161873
salt_pepper,medium,0.01951344,0.93998224,0.039437573,0.0010667064
salt_pepper,high,0.008594111,0.9554802,0.035526782,0.00039886252
blur,low,0.3325616,0.00022303079,0.6539521,0.013263251
blur,medium,0.1559075,9.895452e-05,0.836319,0.007674528
blur,high,0.12598038,7.7795725e-05,0.8674184,0.0065234364
occlusion,low,0.4425861,0.00015330095,0.00077967916,0.55648094
occlusion,medium,0.31666467,0.00014099525,0.000436263,0.68275803
occlusion,high,0.26826325,0.00013854717,0.0003199207,0.7312783
